[
  {
    "name": "aframe-extras.object-model",
    "description": "Loader for THREE.ObjectLoader-compatible models.",
    "main": "src/loaders/object-model"
  },
  {
    "name": "aframe-extras.animation-mixer",
    "description": "Animation mixer for JSON and glTF models.",
    "main": "src/loaders/animation-mixer"
  },
  {
    "name": "aframe-extras.ocean",
    "description": "Flat-shaded, animated ocean primitive and component.",
    "main": "src/primitives/a-ocean",
    "bundle": true
  },
  {
    "name": "aframe-extras.grid",
    "description": "Square grid primitive for scene debugging.",
    "main": "src/primitives/a-grid",
    "bundle": true
  },
  {
    "name": "aframe-extras.tube",
    "description": "Tube following a custom path, primitive and component.",
    "main": "src/primitives/a-tube",
    "bundle": true
  }
]
