{"frames": {

"SledgehammerMining_0001.png":
{
	"frame": {"x":1,"y":951,"w":140,"h":118},
	"rotated": false,
	"trimmed": true,
	"spriteSourceSize": {"x":108,"y":67,"w":140,"h":118},
	"sourceSize": {"w":256,"h":256}
},
"SledgehammerMining_0002.png":
{
	"frame": {"x":146,"y":474,"w":135,"h":118},
	"rotated": false,
	"trimmed": true,
	"spriteSourceSize": {"x":108,"y":67,"w":135,"h":118},
	"sourceSize": {"w":256,"h":256}
},
"SledgehammerMining_0003.png":
{
	"frame": {"x":146,"y":355,"w":140,"h":117},
	"rotated": false,
	"trimmed": true,
	"spriteSourceSize": {"x":108,"y":68,"w":140,"h":117},
	"sourceSize": {"w":256,"h":256}
},
"SledgehammerMining_0004.png":
{
	"frame": {"x":1,"y":1,"w":144,"h":116},
	"rotated": false,
	"trimmed": true,
	"spriteSourceSize": {"x":108,"y":69,"w":144,"h":116},
	"sourceSize": {"w":256,"h":256}
},
"SledgehammerMining_0005.png":
{
	"frame": {"x":147,"y":1,"w":143,"h":116},
	"rotated": false,
	"trimmed": true,
	"spriteSourceSize": {"x":108,"y":69,"w":143,"h":116},
	"sourceSize": {"w":256,"h":256}
},
"SledgehammerMining_0006.png":
{
	"frame": {"x":146,"y":119,"w":143,"h":116},
	"rotated": false,
	"trimmed": true,
	"spriteSourceSize": {"x":108,"y":69,"w":143,"h":116},
	"sourceSize": {"w":256,"h":256}
},
"SledgehammerMining_0007.png":
{
	"frame": {"x":1,"y":833,"w":143,"h":116},
	"rotated": false,
	"trimmed": true,
	"spriteSourceSize": {"x":108,"y":69,"w":143,"h":116},
	"sourceSize": {"w":256,"h":256}
},
"SledgehammerMining_0008.png":
{
	"frame": {"x":1,"y":119,"w":143,"h":117},
	"rotated": false,
	"trimmed": true,
	"spriteSourceSize": {"x":108,"y":68,"w":143,"h":117},
	"sourceSize": {"w":256,"h":256}
},
"SledgehammerMining_0009.png":
{
	"frame": {"x":1,"y":238,"w":143,"h":117},
	"rotated": false,
	"trimmed": true,
	"spriteSourceSize": {"x":108,"y":68,"w":143,"h":117},
	"sourceSize": {"w":256,"h":256}
},
"SledgehammerMining_0010.png":
{
	"frame": {"x":1,"y":357,"w":143,"h":117},
	"rotated": false,
	"trimmed": true,
	"spriteSourceSize": {"x":108,"y":68,"w":143,"h":117},
	"sourceSize": {"w":256,"h":256}
},
"SledgehammerMining_0011.png":
{
	"frame": {"x":1,"y":476,"w":143,"h":117},
	"rotated": false,
	"trimmed": true,
	"spriteSourceSize": {"x":108,"y":68,"w":143,"h":117},
	"sourceSize": {"w":256,"h":256}
},
"SledgehammerMining_0012.png":
{
	"frame": {"x":1,"y":595,"w":143,"h":117},
	"rotated": false,
	"trimmed": true,
	"spriteSourceSize": {"x":108,"y":68,"w":143,"h":117},
	"sourceSize": {"w":256,"h":256}
},
"SledgehammerMining_0013.png":
{
	"frame": {"x":1,"y":714,"w":143,"h":117},
	"rotated": false,
	"trimmed": true,
	"spriteSourceSize": {"x":108,"y":68,"w":143,"h":117},
	"sourceSize": {"w":256,"h":256}
},
"SledgehammerMining_0014.png":
{
	"frame": {"x":292,"y":1,"w":143,"h":116},
	"rotated": false,
	"trimmed": true,
	"spriteSourceSize": {"x":108,"y":69,"w":143,"h":116},
	"sourceSize": {"w":256,"h":256}
},
"SledgehammerMining_0015.png":
{
	"frame": {"x":146,"y":237,"w":143,"h":116},
	"rotated": false,
	"trimmed": true,
	"spriteSourceSize": {"x":108,"y":69,"w":143,"h":116},
	"sourceSize": {"w":256,"h":256}
},
"SledgehammerMining_0016.png":
{
	"frame": {"x":291,"y":119,"w":143,"h":115},
	"rotated": false,
	"trimmed": true,
	"spriteSourceSize": {"x":108,"y":70,"w":143,"h":115},
	"sourceSize": {"w":256,"h":256}
},
"SledgehammerMining_0017.png":
{
	"frame": {"x":1,"y":1071,"w":140,"h":115},
	"rotated": false,
	"trimmed": true,
	"spriteSourceSize": {"x":109,"y":70,"w":140,"h":115},
	"sourceSize": {"w":256,"h":256}
},
"SledgehammerMining_0018.png":
{
	"frame": {"x":291,"y":236,"w":136,"h":114},
	"rotated": false,
	"trimmed": true,
	"spriteSourceSize": {"x":109,"y":71,"w":136,"h":114},
	"sourceSize": {"w":256,"h":256}
},
"SledgehammerMining_0019.png":
{
	"frame": {"x":146,"y":733,"w":132,"h":113},
	"rotated": true,
	"trimmed": true,
	"spriteSourceSize": {"x":109,"y":72,"w":132,"h":113},
	"sourceSize": {"w":256,"h":256}
},
"SledgehammerMining_0020.png":
{
	"frame": {"x":146,"y":867,"w":131,"h":112},
	"rotated": false,
	"trimmed": true,
	"spriteSourceSize": {"x":109,"y":73,"w":131,"h":112},
	"sourceSize": {"w":256,"h":256}
},
"SledgehammerMining_0021.png":
{
	"frame": {"x":1,"y":1300,"w":135,"h":111},
	"rotated": false,
	"trimmed": true,
	"spriteSourceSize": {"x":108,"y":74,"w":135,"h":111},
	"sourceSize": {"w":256,"h":256}
},
"SledgehammerMining_0022.png":
{
	"frame": {"x":1,"y":1188,"w":137,"h":110},
	"rotated": false,
	"trimmed": true,
	"spriteSourceSize": {"x":108,"y":75,"w":137,"h":110},
	"sourceSize": {"w":256,"h":256}
},
"SledgehammerMining_0023.png":
{
	"frame": {"x":146,"y":594,"w":137,"h":110},
	"rotated": true,
	"trimmed": true,
	"spriteSourceSize": {"x":108,"y":75,"w":137,"h":110},
	"sourceSize": {"w":256,"h":256}
},
"SledgehammerMining_0024.png":
{
	"frame": {"x":143,"y":981,"w":131,"h":111},
	"rotated": false,
	"trimmed": true,
	"spriteSourceSize": {"x":107,"y":74,"w":131,"h":111},
	"sourceSize": {"w":256,"h":256}
},
"SledgehammerMining_0025.png":
{
	"frame": {"x":377,"y":1357,"w":108,"h":115},
	"rotated": true,
	"trimmed": true,
	"spriteSourceSize": {"x":106,"y":70,"w":108,"h":115},
	"sourceSize": {"w":256,"h":256}
},
"SledgehammerMining_0026.png":
{
	"frame": {"x":385,"y":1282,"w":73,"h":119},
	"rotated": true,
	"trimmed": true,
	"spriteSourceSize": {"x":106,"y":66,"w":73,"h":119},
	"sourceSize": {"w":256,"h":256}
},
"SledgehammerMining_0027.png":
{
	"frame": {"x":402,"y":352,"w":80,"h":120},
	"rotated": false,
	"trimmed": true,
	"spriteSourceSize": {"x":84,"y":65,"w":80,"h":120},
	"sourceSize": {"w":256,"h":256}
},
"SledgehammerMining_0028.png":
{
	"frame": {"x":258,"y":594,"w":90,"h":126},
	"rotated": false,
	"trimmed": true,
	"spriteSourceSize": {"x":67,"y":59,"w":90,"h":126},
	"sourceSize": {"w":256,"h":256}
},
"SledgehammerMining_0029.png":
{
	"frame": {"x":143,"y":1094,"w":99,"h":127},
	"rotated": true,
	"trimmed": true,
	"spriteSourceSize": {"x":55,"y":58,"w":99,"h":127},
	"sourceSize": {"w":256,"h":256}
},
"SledgehammerMining_0030.png":
{
	"frame": {"x":140,"y":1195,"w":108,"h":124},
	"rotated": true,
	"trimmed": true,
	"spriteSourceSize": {"x":46,"y":61,"w":108,"h":124},
	"sourceSize": {"w":256,"h":256}
},
"SledgehammerMining_0031.png":
{
	"frame": {"x":138,"y":1305,"w":112,"h":119},
	"rotated": true,
	"trimmed": true,
	"spriteSourceSize": {"x":42,"y":66,"w":112,"h":119},
	"sourceSize": {"w":256,"h":256}
},
"SledgehammerMining_0032.png":
{
	"frame": {"x":392,"y":830,"w":114,"h":116},
	"rotated": true,
	"trimmed": true,
	"spriteSourceSize": {"x":40,"y":69,"w":114,"h":116},
	"sourceSize": {"w":256,"h":256}
},
"SledgehammerMining_0033.png":
{
	"frame": {"x":276,"y":1088,"w":115,"h":113},
	"rotated": true,
	"trimmed": true,
	"spriteSourceSize": {"x":39,"y":72,"w":115,"h":113},
	"sourceSize": {"w":256,"h":256}
},
"SledgehammerMining_0034.png":
{
	"frame": {"x":396,"y":474,"w":116,"h":112},
	"rotated": true,
	"trimmed": true,
	"spriteSourceSize": {"x":38,"y":73,"w":116,"h":112},
	"sourceSize": {"w":256,"h":256}
},
"SledgehammerMining_0035.png":
{
	"frame": {"x":396,"y":592,"w":116,"h":112},
	"rotated": true,
	"trimmed": true,
	"spriteSourceSize": {"x":37,"y":73,"w":116,"h":112},
	"sourceSize": {"w":256,"h":256}
},
"SledgehammerMining_0036.png":
{
	"frame": {"x":288,"y":355,"w":117,"h":112},
	"rotated": true,
	"trimmed": true,
	"spriteSourceSize": {"x":36,"y":73,"w":117,"h":112},
	"sourceSize": {"w":256,"h":256}
},
"SledgehammerMining_0037.png":
{
	"frame": {"x":283,"y":474,"w":118,"h":111},
	"rotated": true,
	"trimmed": true,
	"spriteSourceSize": {"x":35,"y":74,"w":118,"h":111},
	"sourceSize": {"w":256,"h":256}
},
"SledgehammerMining_0038.png":
{
	"frame": {"x":279,"y":848,"w":118,"h":111},
	"rotated": true,
	"trimmed": true,
	"spriteSourceSize": {"x":35,"y":74,"w":118,"h":111},
	"sourceSize": {"w":256,"h":256}
},
"SledgehammerMining_0039.png":
{
	"frame": {"x":279,"y":968,"w":118,"h":110},
	"rotated": true,
	"trimmed": true,
	"spriteSourceSize": {"x":35,"y":75,"w":118,"h":110},
	"sourceSize": {"w":256,"h":256}
},
"SledgehammerMining_0040.png":
{
	"frame": {"x":391,"y":1058,"w":117,"h":110},
	"rotated": false,
	"trimmed": true,
	"spriteSourceSize": {"x":36,"y":75,"w":117,"h":110},
	"sourceSize": {"w":256,"h":256}
},
"SledgehammerMining_0041.png":
{
	"frame": {"x":391,"y":1170,"w":117,"h":110},
	"rotated": false,
	"trimmed": true,
	"spriteSourceSize": {"x":36,"y":75,"w":117,"h":110},
	"sourceSize": {"w":256,"h":256}
},
"SledgehammerMining_0042.png":
{
	"frame": {"x":266,"y":1205,"w":117,"h":110},
	"rotated": false,
	"trimmed": true,
	"spriteSourceSize": {"x":36,"y":75,"w":117,"h":110},
	"sourceSize": {"w":256,"h":256}
},
"SledgehammerMining_0043.png":
{
	"frame": {"x":392,"y":946,"w":116,"h":110},
	"rotated": false,
	"trimmed": true,
	"spriteSourceSize": {"x":37,"y":75,"w":116,"h":110},
	"sourceSize": {"w":256,"h":256}
},
"SledgehammerMining_0044.png":
{
	"frame": {"x":259,"y":1317,"w":110,"h":116},
	"rotated": true,
	"trimmed": true,
	"spriteSourceSize": {"x":44,"y":69,"w":110,"h":116},
	"sourceSize": {"w":256,"h":256}
},
"SledgehammerMining_0045.png":
{
	"frame": {"x":261,"y":722,"w":99,"h":124},
	"rotated": false,
	"trimmed": true,
	"spriteSourceSize": {"x":71,"y":61,"w":99,"h":124},
	"sourceSize": {"w":256,"h":256}
},
"SledgehammerMining_0046.png":
{
	"frame": {"x":437,"y":1,"w":71,"h":123},
	"rotated": false,
	"trimmed": true,
	"spriteSourceSize": {"x":104,"y":62,"w":71,"h":123},
	"sourceSize": {"w":256,"h":256}
},
"SledgehammerMining_0047.png":
{
	"frame": {"x":362,"y":710,"w":113,"h":118},
	"rotated": false,
	"trimmed": true,
	"spriteSourceSize": {"x":108,"y":67,"w":113,"h":118},
	"sourceSize": {"w":256,"h":256}
}},
"animations": {
	"mining": ["SledgehammerMining_0001.png","SledgehammerMining_0002.png","SledgehammerMining_0003.png","SledgehammerMining_0004.png","SledgehammerMining_0005.png","SledgehammerMining_0006.png","SledgehammerMining_0007.png","SledgehammerMining_0008.png","SledgehammerMining_0009.png","SledgehammerMining_0010.png","SledgehammerMining_0011.png","SledgehammerMining_0012.png","SledgehammerMining_0013.png","SledgehammerMining_0014.png","SledgehammerMining_0015.png","SledgehammerMining_0016.png","SledgehammerMining_0017.png","SledgehammerMining_0018.png","SledgehammerMining_0019.png","SledgehammerMining_0020.png","SledgehammerMining_0021.png","SledgehammerMining_0022.png","SledgehammerMining_0023.png","SledgehammerMining_0024.png","SledgehammerMining_0025.png","SledgehammerMining_0026.png","SledgehammerMining_0027.png","SledgehammerMining_0028.png","SledgehammerMining_0029.png","SledgehammerMining_0030.png","SledgehammerMining_0031.png","SledgehammerMining_0032.png","SledgehammerMining_0033.png","SledgehammerMining_0034.png","SledgehammerMining_0035.png","SledgehammerMining_0036.png","SledgehammerMining_0037.png","SledgehammerMining_0038.png","SledgehammerMining_0039.png","SledgehammerMining_0040.png","SledgehammerMining_0041.png","SledgehammerMining_0042.png","SledgehammerMining_0043.png","SledgehammerMining_0044.png","SledgehammerMining_0045.png","SledgehammerMining_0046.png","SledgehammerMining_0047.png"]
},
"meta": {
	"app": "https://www.codeandweb.com/texturepacker",
	"version": "1.0",
	"image": "siedgehammer.png",
	"format": "RGBA8888",
	"size": {"w":509,"h":1466},
	"scale": "1",
	"smartupdate": "$TexturePacker:SmartUpdate:3751fdca5341b14a3492758ad102a299:cc6f86a718d931b2b50f376c820c95f1:ccf474a5ba76d57a179dd6ddae27b852$"
}
}
